{"cameraMode":{"drawMode":0,"name":"Shaded","section":"Shading Mode"},"sceneLighting":false,"audioPlay":false,"sceneViewState":{"showFog":true,"showMaterialUpdate":false,"showSkybox":false,"showFlares":true,"showImageEffects":true,"showParticleSystems":true},"in2DMode":false,"pivot":{"x":0.9267785549163818,"y":-0.11974143981933594,"z":7.243162631988525},"rotation":{"x":-0.17293867468833924,"y":-0.045490216463804248,"z":0.007996400818228722,"w":-0.9838505387306213},"size":4.752500534057617,"orthographic":false}