{"cameraMode":{"drawMode":0,"name":"Shaded","section":"Shading Mode"},"sceneLighting":true,"audioPlay":false,"sceneViewState":{"showFog":true,"showMaterialUpdate":true,"showSkybox":false,"showFlares":true,"showImageEffects":true,"showParticleSystems":true},"in2DMode":false,"pivot":{"x":230.59117126464845,"y":201.3109588623047,"z":-5.61041259765625},"rotation":{"x":-0.037481896579265597,"y":-0.02218674123287201,"z":0.000832103774882853,"w":-0.999052882194519},"size":384.3055725097656,"orthographic":false}