{"cameraMode":{"drawMode":0,"name":"Shaded","section":"Shading Mode"},"sceneLighting":false,"audioPlay":false,"sceneViewState":{"showFog":true,"showMaterialUpdate":true,"showSkybox":false,"showFlares":true,"showImageEffects":true,"showParticleSystems":true},"in2DMode":false,"pivot":{"x":-9.609999656677246,"y":-1.6700000762939454,"z":53.90999984741211},"rotation":{"x":-0.017492884770035745,"y":0.9234811663627625,"z":-0.04241672903299332,"w":-0.3809017539024353},"size":19.886064529418947,"orthographic":false}