{"cameraMode":{"drawMode":0,"name":"Shaded","section":"Shading Mode"},"sceneLighting":true,"audioPlay":false,"sceneViewState":{"showFog":true,"showMaterialUpdate":true,"showSkybox":false,"showFlares":true,"showImageEffects":true,"showParticleSystems":true},"in2DMode":false,"pivot":{"x":-90.64453125,"y":27.710914611816408,"z":66.263916015625},"rotation":{"x":-0.09909365326166153,"y":-0.1557677537202835,"z":0.015707267448306085,"w":-0.9826869964599609},"size":55.445316314697269,"orthographic":false}