{"cameraMode":{"drawMode":0,"name":"Shaded","section":"Shading Mode"},"sceneLighting":true,"audioPlay":false,"sceneViewState":{"showFog":true,"showMaterialUpdate":true,"showSkybox":false,"showFlares":true,"showImageEffects":true,"showParticleSystems":true},"in2DMode":false,"pivot":{"x":-11.591073989868164,"y":-3.1476023197174074,"z":92.60784912109375},"rotation":{"x":0.035992033779621127,"y":0.0044968873262405399,"z":-0.00016203139966819435,"w":0.9993425011634827},"size":93.0804672241211,"orthographic":false}