{"cameraMode":{"drawMode":0,"name":"Shaded","section":"Shading Mode"},"sceneLighting":false,"audioPlay":false,"sceneViewState":{"showFog":true,"showMaterialUpdate":true,"showSkybox":false,"showFlares":true,"showImageEffects":true,"showParticleSystems":true},"in2DMode":false,"pivot":{"x":1.3991186618804932,"y":-0.060957133769989017,"z":-0.8970000147819519},"rotation":{"x":0.02381138503551483,"y":0.12417174875736237,"z":-0.002985164290294051,"w":0.9919834733009338},"size":3.1616618633270265,"orthographic":false}