{"cameraMode":{"drawMode":0,"name":"Shaded","section":"Shading Mode"},"sceneLighting":false,"audioPlay":false,"sceneViewState":{"showFog":true,"showMaterialUpdate":true,"showSkybox":false,"showFlares":true,"showImageEffects":true,"showParticleSystems":true},"in2DMode":false,"pivot":{"x":-33.47018051147461,"y":9.96702766418457,"z":52.709957122802737},"rotation":{"x":-0.22236846387386323,"y":-0.6053482294082642,"z":0.18130168318748475,"w":-0.7424566745758057},"size":18.56691551208496,"orthographic":false}