{"cameraMode":{"drawMode":0,"name":"Shaded","section":"Shading Mode"},"sceneLighting":false,"audioPlay":false,"sceneViewState":{"showFog":true,"showMaterialUpdate":true,"showSkybox":false,"showFlares":true,"showImageEffects":true,"showParticleSystems":true},"in2DMode":false,"pivot":{"x":-63.00127029418945,"y":-4.818889617919922,"z":33.90468215942383},"rotation":{"x":-0.22236846387386323,"y":-0.6053482294082642,"z":0.18130168318748475,"w":-0.7424566745758057},"size":15.232768058776856,"orthographic":false}