{"cameraMode":{"drawMode":0,"name":"Shaded","section":"Shading Mode"},"sceneLighting":false,"audioPlay":false,"sceneViewState":{"showFog":true,"showMaterialUpdate":true,"showSkybox":false,"showFlares":true,"showImageEffects":true,"showParticleSystems":true},"in2DMode":false,"pivot":{"x":-0.4993419647216797,"y":1.1658906936645508,"z":-0.000014781951904296875},"rotation":{"x":0.24284175038337708,"y":0.07267390191555023,"z":-0.01824735663831234,"w":0.9671675562858582},"size":29.551185607910158,"orthographic":false}