{"cameraMode":{"drawMode":0,"name":"Shaded","section":"Shading Mode"},"sceneLighting":true,"audioPlay":false,"sceneViewState":{"showFog":true,"showMaterialUpdate":true,"showSkybox":false,"showFlares":true,"showImageEffects":true,"showParticleSystems":true},"in2DMode":false,"pivot":{"x":133.1031951904297,"y":556.711669921875,"z":-37.043312072753909},"rotation":{"x":-0.14153136312961579,"y":-0.08187285810709,"z":0.011746438220143319,"w":-0.9864731431007385},"size":7.943778991699219,"orthographic":false}