{"cameraMode":{"drawMode":0,"name":"Shaded","section":"Shading Mode"},"sceneLighting":true,"audioPlay":false,"sceneViewState":{"showFog":true,"showMaterialUpdate":true,"showSkybox":false,"showFlares":true,"showImageEffects":true,"showParticleSystems":true},"in2DMode":false,"pivot":{"x":13.308815002441407,"y":-9.519176483154297,"z":107.70088958740235},"rotation":{"x":-0.13992564380168916,"y":0.7852209210395813,"z":-0.1921553760766983,"w":-0.571780800819397},"size":101.8376235961914,"orthographic":false}