{"cameraMode":{"drawMode":0,"name":"Shaded","section":"Shading Mode"},"sceneLighting":true,"audioPlay":false,"sceneViewState":{"showFog":true,"showMaterialUpdate":true,"showSkybox":false,"showFlares":true,"showImageEffects":true,"showParticleSystems":true},"in2DMode":false,"pivot":{"x":-680.65625,"y":269.2668151855469,"z":399.27191162109377},"rotation":{"x":-0.08129297941923142,"y":-0.6329917907714844,"z":-0.06709509342908859,"w":0.7669503092765808},"size":1104.1123046875,"orthographic":false}