{"cameraMode":{"drawMode":0,"name":"Shaded","section":"Shading Mode"},"sceneLighting":false,"audioPlay":false,"sceneViewState":{"showFog":true,"showMaterialUpdate":true,"showSkybox":false,"showFlares":true,"showImageEffects":true,"showParticleSystems":true},"in2DMode":false,"pivot":{"x":-0.375604510307312,"y":0.4182364344596863,"z":-1.4360127449035645},"rotation":{"x":0.05239764600992203,"y":-0.054499413818120959,"z":0.002863852074369788,"w":0.9971338510513306},"size":4.784495830535889,"orthographic":false}