{"cameraMode":{"drawMode":0,"name":"Shaded","section":"Shading Mode"},"sceneLighting":true,"audioPlay":false,"sceneViewState":{"showFog":true,"showMaterialUpdate":true,"showSkybox":false,"showFlares":true,"showImageEffects":true,"showParticleSystems":true},"in2DMode":false,"pivot":{"x":-66.39324188232422,"y":12.545438766479493,"z":17.95065689086914},"rotation":{"x":-0.3152105212211609,"y":-0.24446389079093934,"z":0.08439318835735321,"w":-0.9131103157997131},"size":15.045514106750489,"orthographic":false}