{"cameraMode":{"drawMode":0,"name":"Shaded","section":"Shading Mode"},"sceneLighting":true,"audioPlay":false,"sceneViewState":{"showFog":true,"showMaterialUpdate":true,"showSkybox":false,"showFlares":true,"showImageEffects":true,"showParticleSystems":true},"in2DMode":false,"pivot":{"x":-66.12030029296875,"y":14.439859390258789,"z":15.567314147949219},"rotation":{"x":0.1609853059053421,"y":0.19577398896217347,"z":-0.03259952366352081,"w":0.9667978882789612},"size":69.99402618408203,"orthographic":false}