{"cameraMode":{"drawMode":0,"name":"Shaded","section":"Shading Mode"},"sceneLighting":false,"audioPlay":false,"sceneViewState":{"showFog":true,"showMaterialUpdate":true,"showSkybox":false,"showFlares":true,"showImageEffects":true,"showParticleSystems":true},"in2DMode":false,"pivot":{"x":-1.5160000324249268,"y":3.729999542236328,"z":0.7400000095367432},"rotation":{"x":-0.017492884770035745,"y":0.9234811663627625,"z":-0.04241672903299332,"w":-0.3809017539024353},"size":16.71298599243164,"orthographic":false}