{"cameraMode":{"drawMode":0,"name":"Shaded","section":"Shading Mode"},"sceneLighting":true,"audioPlay":false,"sceneViewState":{"showFog":true,"showMaterialUpdate":true,"showSkybox":false,"showFlares":true,"showImageEffects":true,"showParticleSystems":true},"in2DMode":false,"pivot":{"x":93.14041900634766,"y":39.43878173828125,"z":48.38407516479492},"rotation":{"x":0.00207832595333457,"y":-0.9919013977050781,"z":0.016368024051189424,"w":0.12594293057918549},"size":7.376856803894043,"orthographic":false}