{"cameraMode":{"drawMode":0,"name":"Shaded","section":"Shading Mode"},"sceneLighting":false,"audioPlay":false,"sceneViewState":{"showFog":true,"showMaterialUpdate":true,"showSkybox":false,"showFlares":true,"showImageEffects":true,"showParticleSystems":true},"in2DMode":false,"pivot":{"x":-0.5764107704162598,"y":0.7918556928634644,"z":2.3491992950439455},"rotation":{"x":-0.22236846387386323,"y":-0.6053482294082642,"z":0.18130168318748475,"w":-0.7424566745758057},"size":5.191873073577881,"orthographic":false}