{"cameraMode":{"drawMode":0,"name":"Shaded","section":"Shading Mode"},"sceneLighting":false,"audioPlay":false,"sceneViewState":{"showFog":true,"showMaterialUpdate":false,"showSkybox":false,"showFlares":true,"showImageEffects":true,"showParticleSystems":true},"in2DMode":false,"pivot":{"x":-0.5066280364990234,"y":0.01533818244934082,"z":7.453509330749512},"rotation":{"x":-0.2609386444091797,"y":0.1997729390859604,"z":-0.05528854951262474,"w":-0.9428405165672302},"size":5.0525007247924809,"orthographic":false}