{"cameraMode":{"drawMode":0,"name":"Shaded","section":"Shading Mode"},"sceneLighting":true,"audioPlay":false,"sceneViewState":{"showFog":true,"showMaterialUpdate":true,"showSkybox":false,"showFlares":true,"showImageEffects":true,"showParticleSystems":true},"in2DMode":false,"pivot":{"x":-52.34068298339844,"y":13.419024467468262,"z":21.998394012451173},"rotation":{"x":0.15162411332130433,"y":0.3365532457828522,"z":-0.05500352382659912,"w":0.9277486205101013},"size":30.03590202331543,"orthographic":false}