{"cameraMode":{"drawMode":0,"name":"Shaded","section":"Shading Mode"},"sceneLighting":false,"audioPlay":false,"sceneViewState":{"showFog":true,"showMaterialUpdate":true,"showSkybox":false,"showFlares":true,"showImageEffects":true,"showParticleSystems":true},"in2DMode":false,"pivot":{"x":-31.580642700195314,"y":3.6320438385009767,"z":44.82200622558594},"rotation":{"x":-0.22236846387386323,"y":-0.6053482294082642,"z":0.18130168318748475,"w":-0.7424566745758057},"size":12.812705993652344,"orthographic":false}