{"cameraMode":{"drawMode":0,"name":"Shaded","section":"Shading Mode"},"sceneLighting":true,"audioPlay":false,"sceneViewState":{"showFog":true,"showMaterialUpdate":true,"showSkybox":false,"showFlares":true,"showImageEffects":true,"showParticleSystems":true},"in2DMode":false,"pivot":{"x":61.89964294433594,"y":-5.096843719482422,"z":67.51795196533203},"rotation":{"x":-0.2995757758617401,"y":0.03833772614598274,"z":-0.012042015790939331,"w":-0.9532340168952942},"size":102.59779357910156,"orthographic":false}